Category,Count,Percentage
Electrical Engineering,50,4.0
DotNet Developer,50,4.0
Health and fitness,50,4.0
PMO,50,4.0
Java Developer,50,4.0
Database,50,4.0
HR,50,4.0
Data Science,50,4.0
Advocate,50,4.0
Blockchain,50,4.0
Operations Manager,50,4.0
Business Analyst,50,4.0
Testing,50,4.0
ETL Developer,50,4.0
Hadoop,50,4.0
Web Designing,50,4.0
Python Developer,50,4.0
Mechanical Engineer,50,4.0
Automation Testing,50,4.0
Network Security Engineer,50,4.0
Arts,50,4.0
Civil Engineer,50,4.0
DevOps Engineer,50,4.0
SAP Developer,50,4.0
Sales,50,4.0
