Category,F1_Difference
Advocate,0.0
Arts,0.0
Automation Testing,0.0
Blockchain,0.0
Business Analyst,0.0
Chief Editor,0.0
Civil Engineer,0.0
Content Creator,0.0
Content Writer,0.0
Data Science,0.0
Database,0.0
DevOps Engineer,0.0
Doctor,0.0
DotNet Developer,0.0
ETL Developer,0.0
Electrical Engineering,0.0
Gamer,0.0
Graphic Designer,0.0
HR,0.0
Hadoop,0.0
Health and fitness,0.0
Java Developer,0.0
Journalist,0.0
Mechanical Engineer,0.0
Network Security Engineer,0.0
Operations Manager,0.0
PMO,0.0
Python Developer,0.0
SAP Developer,0.0
Sales,0.0
Testing,0.0
Web Designing,0.0
YouTuber,0.0
